"UID","Name","DOI","Citation","Rights","More Information","Data generalisations","Information withheld","Download limit","Number of Records in Download"
"co156","Herbário Maria Eneyda P. Kaufmann Fidalgo","","Records provided by Herbário Maria Eneyda P. Kaufmann Fidalgo, accessed through ALA website.","","For more information: https://collectory.sibbr.gov.br/collectory/public/show/co156","","","","5"
"co278","Herbario Jataiense","","Records provided by Herbario Jataiense, accessed through ALA website.","","For more information: https://collectory.sibbr.gov.br/collectory/public/show/co278","","","","1"
"co69","Herbário HSTM","","Records provided by Herbário HSTM, accessed through ALA website.","","For more information: https://collectory.sibbr.gov.br/collectory/public/show/co69","","","","1"
"co152","Herbário da Embrapa Pantanal","","Records provided by Herbário da Embrapa Pantanal, accessed through ALA website.","","For more information: https://collectory.sibbr.gov.br/collectory/public/show/co152","","","","1"
"co153","Herbário da UEL","","Records provided by Herbário da UEL, accessed through ALA website.","","For more information: https://collectory.sibbr.gov.br/collectory/public/show/co153","","","","1"
"co316","Herbário do Trópico Semiárido","","Records provided by Herbário do Trópico Semiárido, accessed through ALA website.","","For more information: https://collectory.sibbr.gov.br/collectory/public/show/co316","","","","3"
"co315","Herbário Sérgio Tavares","","Records provided by Herbário Sérgio Tavares, accessed through ALA website.","","For more information: https://collectory.sibbr.gov.br/collectory/public/show/co315","","","","1"
"dr342","Herbário Ezechias Paulo Heringer - HEPH","","Records provided by Herbário Ezechias Paulo Heringer - HEPH, accessed through ALA website.","This work is licensed under a <ulink url=""http://creativecommons.org/licenses/by-nc/4.0/legalcode""><citetitle>Creative Commons Attribution Non Commercial (CC-BY-NC) 4.0 License</citetitle></ulink>.","For more information: https://collectory.sibbr.gov.br/collectory/public/show/dr342","","","","1"
"in23","Universidade Federal do Oeste do Pará","","Records provided by Universidade Federal do Oeste do Pará, accessed through ALA website.","","For more information: https://collectory.sibbr.gov.br/collectory/public/show/in23","","","","1"
"in28","Instituto Agronômico do Norte","","Records provided by Instituto Agronômico do Norte, accessed through ALA website.","","For more information: https://collectory.sibbr.gov.br/collectory/public/show/in28","","","","5"
"dr229","Herbário Lauro Pires Xavier","https://doi.org/10.15468/uxvuhx","Herbario da Universidade Federal da Paraíba, JPB","Creative Commons Attribution-Noncommercial (CC-BY-NC) This work is licensed under a Creative Commons Attribution Non Commercial (CC-BY-NC) 4.0 License.","For more information: https://collectory.sibbr.gov.br/collectory/public/show/dr229","","","","1"
"co144","Herbário da Amazônia Meridional","","Records provided by Herbário da Amazônia Meridional, accessed through ALA website.","","For more information: https://collectory.sibbr.gov.br/collectory/public/show/co144","","","","5"
"co141","Herbário Uberlandense","","Records provided by Herbário Uberlandense, accessed through ALA website.","","For more information: https://collectory.sibbr.gov.br/collectory/public/show/co141","","","","8"
"co142","Herbário da ESALQ","","Records provided by Herbário da ESALQ, accessed through ALA website.","","For more information: https://collectory.sibbr.gov.br/collectory/public/show/co142","","","","2"
"dp5","Programa Reflora/CNPq","","Records provided by Programa Reflora/CNPq, accessed through ALA website.","","For more information: https://collectory.sibbr.gov.br/collectory/public/show/dp5","","","","40"
"in118","Instituto Brasileiro de Geografia e Estatística","","Records provided by Instituto Brasileiro de Geografia e Estatística, accessed through ALA website.","","For more information: https://collectory.sibbr.gov.br/collectory/public/show/in118","","","","5"
"dp7","Museu Paraense Emilio Goeldi","","Records provided by Museu Paraense Emilio Goeldi, accessed through ALA website.","","For more information: https://collectory.sibbr.gov.br/collectory/public/show/dp7","","","","11"
"dp8","Instituto de Pesquisas Jardim Botânico do Rio de Janeiro","","Records provided by Instituto de Pesquisas Jardim Botânico do Rio de Janeiro, accessed through ALA website.","","For more information: https://collectory.sibbr.gov.br/collectory/public/show/dp8","","","","12"
"dr335","Herbário Caririense Dárdano de Andrade-Lima","https://doi.org/10.15468/lstihc","Herbário Caririense Dárdano de Andrade-Lima, HCDAL, URCA","Creative Commons Attribution-Noncommercial (CC-BY-NC) This work is licensed under a Creative Commons Attribution Non Commercial (CC-BY-NC) 4.0 License.","For more information: https://collectory.sibbr.gov.br/collectory/public/show/dr335","","","","1"
"dr572","Herbário da Universidade de Tocantins","https://doi.org/10.15468/zhlmlh","Herbário HUTO da Universidade do Tocantins","Creative Commons Attribution-Noncommercial (CC-BY-NC) This work is licensed under a Creative Commons Attribution Non Commercial (CC-BY-NC) 4.0 License.","For more information: https://collectory.sibbr.gov.br/collectory/public/show/dr572","","","","1"
"in19","Universidade Federal de Minas Gerais","","Records provided by Universidade Federal de Minas Gerais, accessed through ALA website.","","For more information: https://collectory.sibbr.gov.br/collectory/public/show/in19","","","","3"
"dr458","INPA | Tree species composition in ecotone forests of the eastern Maracá Island, Roraima, northern Brazilian Amazonia: preliminary data","https://doi.org/10.15468/xa5lrb","Silva W R, Villacorta C D A, Carvalho L C S, Farias H L S, Perdiz R O, Barbosa R I (2019): Tree species composition in ecotone forests of the eastern Maracá Island, Roraima, northern Brazilian Amazonia: preliminary data. v1.8. Sistema de Informação sobre a Biodiversidade Brasileira - SiBBr. Dataset/Occurrence. https://ipt.sibbr.gov.br/sibbr/resource?r=maraca_comp_floristic&v=1.8","Creative Commons Attribution-Noncommercial (CC-BY-NC) This work is licensed under a Creative Commons Attribution Non Commercial (CC-BY-NC) 4.0 License.","For more information: https://collectory.sibbr.gov.br/collectory/public/show/dr458","","","","7"
"dr338","Herbário da Fundação Universidade Federal de Mato Grosso do Sul. Jabot - Banco de Dados da Flora Brasileira","","Records provided by Herbário da Fundação Universidade Federal de Mato Grosso do Sul. Jabot - Banco de Dados da Flora Brasileira, accessed through ALA website.","Creative Commons Attribution (CC-BY) This work is licensed under a Creative Commons Attribution (CC-BY) 4.0 License.","For more information: https://collectory.sibbr.gov.br/collectory/public/show/dr338","","","","18"
"co83","Herbário do INPA","","Records provided by Herbário do INPA, accessed through ALA website.","","For more information: https://collectory.sibbr.gov.br/collectory/public/show/co83","","","","12"
"dr491","Coleção de Frutos - Herbário Profª. Drª. Marlene Freitas da Silva","https://doi.org/10.15468/ca06tq","Herbário MFS (http://paginas.uepa.br/herbariomfs/)","Creative Commons Attribution-Noncommercial (CC-BY-NC) This work is licensed under a Creative Commons Attribution Non Commercial (CC-BY-NC) 4.0 License.","For more information: https://collectory.sibbr.gov.br/collectory/public/show/dr491","","","","1"
"in40","Universidade Estadual de Feira de Santana","","Records provided by Universidade Estadual de Feira de Santana, accessed through ALA website.","","For more information: https://collectory.sibbr.gov.br/collectory/public/show/in40","","","","8"
"dr247","UB - Herbário da Universidade de Brasília","","Oliveira R C D, Cemin D (2023). UB - Herbário da Universidade de Brasília. Jabot - Banco de Dados da Flora Brasileira. Version 1.36. No organisation. Occurrence dataset. https://ipt.jbrj.gov.br/jabot/resource?r=hub&v=1.36","Creative Commons Attribution (CC-BY) This work is licensed under a Creative Commons Attribution (CC-BY) 4.0 License.","For more information: https://collectory.sibbr.gov.br/collectory/public/show/dr247","","","","30"
"dr522","Herbário do Trópico Semiárido","https://doi.org/10.15468/9tmqsk","Herbário do Trópico Semiárido, HTSA (www.cpatsa.embrapa.br).","Creative Commons Attribution-Noncommercial (CC-BY-NC) This work is licensed under a Creative Commons Attribution Non Commercial (CC-BY-NC) 4.0 License.","For more information: https://collectory.sibbr.gov.br/collectory/public/show/dr522","","","","3"
"dr246","Embrapa Amazônia Oriental - Instituto Agronômico do Norte (Herbário IAN)","","RAIOL SOUZA H J (2016): Embrapa Amazônia Oriental - Instituto Agronômico do Norte (Herbário IAN). v1.6. No organisation. Dataset/Occurrence. https://ipt.sibbr.gov.br/parceiros_jbrj/resource?r=ian_13&v=1.6","Creative Commons Attribution-Noncommercial (CC-BY-NC) This work is licensed under a Creative Commons Attribution Non Commercial (CC-BY-NC) 4.0 License.","For more information: https://collectory.sibbr.gov.br/collectory/public/show/dr246","","","","5"
"in41","Museu Botânico Municipal","","Records provided by Museu Botânico Municipal, accessed through ALA website.","","For more information: https://collectory.sibbr.gov.br/collectory/public/show/in41","","","","4"
"dr521","Herbário Sérgio Tavares","https://doi.org/10.15468/bnu6s9","HST - Herbário Sérgio Tavares","Creative Commons Attribution-Noncommercial (CC-BY-NC) This work is licensed under a Creative Commons Attribution Non Commercial (CC-BY-NC) 4.0 License.","For more information: https://collectory.sibbr.gov.br/collectory/public/show/dr521","","","","1"
"in44","Embrapa Recursos Genéticos e Biotecnologia","","Records provided by Embrapa Recursos Genéticos e Biotecnologia, accessed through ALA website.","","For more information: https://collectory.sibbr.gov.br/collectory/public/show/in44","","","","12"
"dr241","HUEFS - Herbario da Universidade Estadual de Feira de Santana","https://doi.org/10.15468/6ymx97","HUEFS - Herbario da Universidade Estadual de Feira de Santana","Creative Commons Attribution-Noncommercial (CC-BY-NC) This work is licensed under a Creative Commons Attribution Non Commercial (CC-BY-NC) 4.0 License.","For more information: https://collectory.sibbr.gov.br/collectory/public/show/dr241","","","","8"
"in100","Universidade do Estado do Pará","","Records provided by Universidade do Estado do Pará, accessed through ALA website.","","For more information: https://collectory.sibbr.gov.br/collectory/public/show/in100","","","","5"
"dr242","MBM - Herbário do Museu Botânico Municipal","https://doi.org/10.15468/v52pmc","Herbário do Museu Botânico Municipal de Curitiba, MBM","Creative Commons Attribution-Noncommercial (CC-BY-NC) This work is licensed under a Creative Commons Attribution Non Commercial (CC-BY-NC) 4.0 License.","For more information: https://collectory.sibbr.gov.br/collectory/public/show/dr242","","","","4"
"in47","Embrapa Pantanal","","Records provided by Embrapa Pantanal, accessed through ALA website.","","For more information: https://collectory.sibbr.gov.br/collectory/public/show/in47","","","","1"
"dr523","Herbário do Pantanal ""Vali Joana Pott""","https://doi.org/10.15468/dhtcib","HPAN – Herbário do Pantanal “Vali Joana Pott”, UNEMAT, Cáceres, MT.","Creative Commons Attribution-Noncommercial (CC-BY-NC) This work is licensed under a Creative Commons Attribution Non Commercial (CC-BY-NC) 4.0 License.","For more information: https://collectory.sibbr.gov.br/collectory/public/show/dr523","","","","1"
"co79","Herbário da Universidade Técnológica Federal do Paraná Campus Campo Mourão","","Records provided by Herbário da Universidade Técnológica Federal do Paraná Campus Campo Mourão, accessed through ALA website.","","For more information: https://collectory.sibbr.gov.br/collectory/public/show/co79","","","","3"
"co168","Herbário Escola de Florestas Curitiba","","Records provided by Herbário Escola de Florestas Curitiba, accessed through ALA website.","","For more information: https://collectory.sibbr.gov.br/collectory/public/show/co168","","","","2"
"co201","Herbário Profª. Drª. Marlene Freitas da Silva","","Records provided by Herbário Profª. Drª. Marlene Freitas da Silva, accessed through ALA website.","","For more information: https://collectory.sibbr.gov.br/collectory/public/show/co201","","","","5"
"co163","Herbário do Instituto Agronômico de Campinas","","Records provided by Herbário do Instituto Agronômico de Campinas, accessed through ALA website.","","For more information: https://collectory.sibbr.gov.br/collectory/public/show/co163","","","","1"
"dp63","Instituto Nacional de Pesquisas da Amazônia","","Records provided by Instituto Nacional de Pesquisas da Amazônia, accessed through ALA website.","","For more information: https://collectory.sibbr.gov.br/collectory/public/show/dp63","","","","12"
"co74","Herbário do Instituto Agronômico Norte","","Records provided by Herbário do Instituto Agronômico Norte, accessed through ALA website.","","For more information: https://collectory.sibbr.gov.br/collectory/public/show/co74","","","","5"
"co162","Herbário do Maranhão","","Records provided by Herbário do Maranhão, accessed through ALA website.","","For more information: https://collectory.sibbr.gov.br/collectory/public/show/co162","","","","2"
"dr475","Herbário IBGE","","Fonseca M D L, Guimarães L, Góes B T (2023). IBGE - Herbário IBGE. Jabot - Banco de Dados da Flora Brasileira. Version 1.48. No organisation. Occurrence dataset. https://ipt.jbrj.gov.br/jabot/resource?r=ibge&v=1.48","Creative Commons Attribution (CC-BY) This work is licensed under a Creative Commons Attribution (CC-BY) 4.0 License.","For more information: https://collectory.sibbr.gov.br/collectory/public/show/dr475","","","","8"
"dr236","Universidade Federal do Paraná","","Records provided by Universidade Federal do Paraná, accessed through ALA website.","Creative Commons Attribution (CC-BY) This work is licensed under a Creative Commons Attribution (CC-BY) 4.0 License.","For more information: https://collectory.sibbr.gov.br/collectory/public/show/dr236","","","","2"
"dr477","Coleção teste imagens dr SiBBr","","Records provided by Coleção teste imagens dr SiBBr, accessed through ALA website.","Creative Commons Attribution-Noncommercial (CC-BY-NC) This work is licensed under a Creative Commons Attribution Non Commercial (CC-BY-NC) 4.0 License.","For more information: https://collectory.sibbr.gov.br/collectory/public/show/dr477","","","","4"
"in33","Universidade Tecnológica Federal do Paraná","","Records provided by Universidade Tecnológica Federal do Paraná, accessed through ALA website.","","For more information: https://collectory.sibbr.gov.br/collectory/public/show/in33","","","","3"
"dr474","Herbário da Universidade Tecnológica Federal do Paraná Campus Campo Mourão","https://doi.org/10.15468/4b74v2","Records provided by Herbário da Universidade Tecnológica Federal do Paraná Campus Campo Mourão, accessed through ALA website.","This work is licensed under a <ulink url=""http://creativecommons.org/licenses/by-nc/4.0/legalcode""><citetitle>Creative Commons Attribution Non Commercial (CC-BY-NC) 4.0 License</citetitle></ulink>.","For more information: https://collectory.sibbr.gov.br/collectory/public/show/dr474","","","","3"
"dr232","NY herbarium - The New York Botanical Garden - Amostras Brasileiras Repatriadas - Herbário Virtual REFLORA","https://doi.org/10.15468/5y84ye","Holmgren P (2023): NY herbarium - The New York Botanical Garden - Amostras Brasileiras Repatriadas - Herbário Virtual REFLORA. v1.219. Instituto de Pesquisas Jardim Botanico do Rio de Janeiro. Dataset/Occurrence. https://ipt.jbrj.gov.br/reflora/resource?r=nyh&v=1.219","Creative Commons Attribution (CC-BY) This work is licensed under a Creative Commons Attribution (CC-BY) 4.0 License.","For more information: https://collectory.sibbr.gov.br/collectory/public/show/dr232","","","","16"
"in38","Universidade Federal da Paraíba","","Records provided by Universidade Federal da Paraíba, accessed through ALA website.","","For more information: https://collectory.sibbr.gov.br/collectory/public/show/in38","","","","1"
"dr755","Museu Paraense Emilio Goeldi Herbarium","https://doi.org/10.15468/igjr8k","Records provided by Museu Paraense Emilio Goeldi Herbarium, accessed through ALA website.","Creative Commons Attribution-Noncommercial (CC-BY-NC) This work is licensed under a Creative Commons Attribution Non Commercial (CC-BY-NC) 4.0 License.","For more information: https://collectory.sibbr.gov.br/collectory/public/show/dr755","","","","11"
"dr237","Herbário HSTM da Universidade UFOPA","https://doi.org/10.15468/ztzkde","Records provided by Herbário HSTM da Universidade UFOPA, accessed through ALA website.","This work is licensed under a <ulink url=""http://creativecommons.org/licenses/by-nc/4.0/legalcode""><citetitle>Creative Commons Attribution Non Commercial (CC-BY-NC) 4.0 License</citetitle></ulink>.","For more information: https://collectory.sibbr.gov.br/collectory/public/show/dr237","","","","1"
"dp14","Encyclopedia of Life","","Records provided by Encyclopedia of Life, accessed through ALA website.","","For more information: https://collectory.sibbr.gov.br/collectory/public/show/dp14","","","","5"
"dp10","Dados repatriados Portal GBIF - ocorrência no Brasil","","Records provided by Dados repatriados Portal GBIF - ocorrência no Brasil, accessed through ALA website.","","For more information: https://collectory.sibbr.gov.br/collectory/public/show/dp10","","","","3"
"in62","Instituto Nacional da Mata Atlântica","","Records provided by Instituto Nacional da Mata Atlântica, accessed through ALA website.","","For more information: https://collectory.sibbr.gov.br/collectory/public/show/in62","","","","3"
"dr421","Herbário Profª. Drª. Marlene Freitas da Silva","https://doi.org/10.15468/bzidql","Herbário MFS (http://www.colecoesbotanicasdaamazonia.com/)","Creative Commons Attribution-Noncommercial (CC-BY-NC) This work is licensed under a Creative Commons Attribution Non Commercial (CC-BY-NC) 4.0 License.","For more information: https://collectory.sibbr.gov.br/collectory/public/show/dr421","","","","4"
"dr266","Herbário da Universidade Federal de Minas Gerais","https://doi.org/10.15468/qgm9ch","Herbário BHCB","Creative Commons Attribution-Noncommercial (CC-BY-NC) This work is licensed under a Creative Commons Attribution Non Commercial (CC-BY-NC) 4.0 License.","For more information: https://collectory.sibbr.gov.br/collectory/public/show/dr266","","","","3"
"in64","Universidade do Estado de Mato Grosso","","Records provided by Universidade do Estado de Mato Grosso, accessed through ALA website.","","For more information: https://collectory.sibbr.gov.br/collectory/public/show/in64","","","","5"
"dr263","Herbário da Escola Superior de Agricultura Luiz de Queiroz","https://doi.org/10.15468/6e9ry8","Herbário da Escola Superior de Agricultura Luiz de Queiroz, USP - www.lcb.esalq.usp.br","Creative Commons Attribution-Noncommercial (CC-BY-NC) This work is licensed under a Creative Commons Attribution Non Commercial (CC-BY-NC) 4.0 License.","For more information: https://collectory.sibbr.gov.br/collectory/public/show/dr263","","","","2"
"dr262","Herbário Uberlandense","https://doi.org/10.15468/cshs8n","Herbário Uberlandense (HUFU)","Creative Commons Attribution-Noncommercial (CC-BY-NC) This work is licensed under a <ulink url=""http://creativecommons.org/licenses/by-nc/4.0/legalcode""><citetitle>Creative Commons Attribution Non Commercial (CC-BY-NC) 4.0 License</citetitle></ulink>.","For more information: https://collectory.sibbr.gov.br/collectory/public/show/dr262","","","","8"
"in68","Universidade Federal de Uberlândia","","Records provided by Universidade Federal de Uberlândia, accessed through ALA website.","","For more information: https://collectory.sibbr.gov.br/collectory/public/show/in68","","","","8"
"dp18","Instituto Chico Mendes de Conservação da Biodiversidade","","Records provided by Instituto Chico Mendes de Conservação da Biodiversidade, accessed through ALA website.","","For more information: https://collectory.sibbr.gov.br/collectory/public/show/dp18","","","","13"
"dp17","Tropicos","","Records provided by Tropicos, accessed through ALA website.","","For more information: https://collectory.sibbr.gov.br/collectory/public/show/dp17","","","","4"
"in0","Universidade Federal do Paraná","","Records provided by Universidade Federal do Paraná, accessed through ALA website.","","For more information: https://collectory.sibbr.gov.br/collectory/public/show/in0","","","","4"
"dr260","Herbário da Embrapa Recursos Genéticos e Biotecnologia","https://doi.org/10.15468/enkiul","Herbário da Embrapa Recursos Genéticos e Biotecnologia, CEN","Creative Commons Attribution-Noncommercial (CC-BY-NC) This work is licensed under a Creative Commons Attribution Non Commercial (CC-BY-NC) 4.0 License.","For more information: https://collectory.sibbr.gov.br/collectory/public/show/dr260","","","","12"
"co106","Herbário do Museu Goeldi","","Records provided by Herbário do Museu Goeldi, accessed through ALA website.","","For more information: https://collectory.sibbr.gov.br/collectory/public/show/co106","","","","11"
"in3","Universidade de São Paulo","","Records provided by Universidade de São Paulo, accessed through ALA website.","","For more information: https://collectory.sibbr.gov.br/collectory/public/show/in3","","","","4"
"in6","Museu Paraense Emílio Goeldi","","Records provided by Museu Paraense Emílio Goeldi, accessed through ALA website.","","For more information: https://collectory.sibbr.gov.br/collectory/public/show/in6","","","","11"
"in51","Escola Superior de Agricultura Luiz de Queiroz","","Records provided by Escola Superior de Agricultura Luiz de Queiroz, accessed through ALA website.","","For more information: https://collectory.sibbr.gov.br/collectory/public/show/in51","","","","2"
"dr652","UnB | Amostragem de florestas secundárias no Cerrado Jalapão","https://doi.org/10.15468/mqwr4e","Sílvia Laine Borges, Maxmiller Cardoso Ferreira, Bruno Machado Teles Walter, Ana Carla dos Santos, Isabel Belloni Schmidt (2019). Amostragem de florestas secundárias no Cerrado (Jalapão, Brasil). Dataset/Samplingevent. https://ipt.sibbr.gov.br/sibbr/resource?r=jalapao_01&amp;v=1.4","Creative Commons Attribution-Noncommercial (CC-BY-NC) This work is licensed under a Creative Commons Attribution Non Commercial (CC-BY-NC) 4.0 License.","For more information: https://collectory.sibbr.gov.br/collectory/public/show/dr652","","","","106"
"in5","Instituto de Pesquisas Jardim Botânico do Rio de Janeiro","","Records provided by Instituto de Pesquisas Jardim Botânico do Rio de Janeiro, accessed through ALA website.","","For more information: https://collectory.sibbr.gov.br/collectory/public/show/in5","","","","11"
"dr255","MBML-Herbario - Herbário Mello Leitão","","MBML-Herbario - Herbário Mello Leitão","Creative Commons Attribution-Noncommercial (CC-BY-NC) This work is licensed under a Creative Commons Attribution Non Commercial (CC-BY-NC) 4.0 License.","For more information: https://collectory.sibbr.gov.br/collectory/public/show/dr255","","","","3"
"dr258","Herbário da Universidade de São Paulo (SPF)","","Records provided by Herbário da Universidade de São Paulo (SPF), accessed through ALA website.","This work is licensed under a <ulink url=""http://creativecommons.org/licenses/by-nc/4.0/legalcode""><citetitle>Creative Commons Attribution Non Commercial (CC-BY-NC) 4.0 License</citetitle></ulink>.","For more information: https://collectory.sibbr.gov.br/collectory/public/show/dr258","","","","4"
"in8","Instituto Nacional de Pesquisas da Amazônia","","Records provided by Instituto Nacional de Pesquisas da Amazônia, accessed through ALA website.","","For more information: https://collectory.sibbr.gov.br/collectory/public/show/in8","","","","12"
"in157","Universidade Estadual do Tocantins","","Records provided by Universidade Estadual do Tocantins, accessed through ALA website.","","For more information: https://collectory.sibbr.gov.br/collectory/public/show/in157","","","","1"
"in9","Universidade Estadual de Londrina","","Records provided by Universidade Estadual de Londrina, accessed through ALA website.","","For more information: https://collectory.sibbr.gov.br/collectory/public/show/in9","","","","1"
"dr495","Herbário da Universidade Federal de Jataí","","de Souza L F, Amaral E (2023): HJ - Herbário da Universidade Federal de Jataí. Jabot - Banco de Dados da Flora Brasileira. v1.34. No organisation. Dataset/Occurrence. https://ipt.jbrj.gov.br/jabot/resource?r=hj_herbarium&v=1.34","Creative Commons Attribution (CC-BY) This work is licensed under a Creative Commons Attribution (CC-BY) 4.0 License.","For more information: https://collectory.sibbr.gov.br/collectory/public/show/dr495","","","","2"
"dr415","Herbário da Amazônia Meridional","https://doi.org/10.15468/dlorqh","Herbário da Amazônia Meridional - HERBAM","Creative Commons Attribution-Noncommercial (CC-BY-NC) This work is licensed under a Creative Commons Attribution Non Commercial (CC-BY-NC) 4.0 License.","For more information: https://collectory.sibbr.gov.br/collectory/public/show/dr415","","","","5"
"co135","Herbário Museu de Biologia Mello Leitão","","Records provided by Herbário Museu de Biologia Mello Leitão, accessed through ALA website.","","For more information: https://collectory.sibbr.gov.br/collectory/public/show/co135","","","","3"
"co132","Herbário da Universidade Federal de Minas Gerais","","Records provided by Herbário da Universidade Federal de Minas Gerais, accessed through ALA website.","","For more information: https://collectory.sibbr.gov.br/collectory/public/show/co132","","","","3"
"co130","Herbário da UEFS","","Records provided by Herbário da UEFS, accessed through ALA website.","","For more information: https://collectory.sibbr.gov.br/collectory/public/show/co130","","","","8"
"co131","Herbário do Museu Botânico Municipal de Curitiba","","Records provided by Herbário do Museu Botânico Municipal de Curitiba, accessed through ALA website.","","For more information: https://collectory.sibbr.gov.br/collectory/public/show/co131","","","","4"
"co138","Herbário da Universidade de São Paulo","","Records provided by Herbário da Universidade de São Paulo, accessed through ALA website.","","For more information: https://collectory.sibbr.gov.br/collectory/public/show/co138","","","","4"
"co139","Herbário do CENARGEN","","Records provided by Herbário do CENARGEN, accessed through ALA website.","","For more information: https://collectory.sibbr.gov.br/collectory/public/show/co139","","","","12"
"co379","Herbário da Universidade de Tocantins","","Records provided by Herbário da Universidade de Tocantins, accessed through ALA website.","","For more information: https://collectory.sibbr.gov.br/collectory/public/show/co379","","","","1"
"dr289","Herbário do Instituto Agronômico de Campinas","https://doi.org/10.15468/w48pii","IAC (Instituto Agronômico). s/d, continuamente atualizado. Herbário IAC On-line. hhttp://herbario.iac.sp.gov.br/. [informar a data da última consulta]","Creative Commons Attribution-Noncommercial (CC-BY-NC) This work is licensed under a Creative Commons Attribution Non Commercial (CC-BY-NC) 4.0 License.","For more information: https://collectory.sibbr.gov.br/collectory/public/show/dr289","","","","1"
"dr288","Herbário do Maranhão","https://doi.org/10.15468/9ql44s","Herbário MAR","Creative Commons Attribution-Noncommercial (CC-BY-NC) This work is licensed under a Creative Commons Attribution Non Commercial (CC-BY-NC) 4.0 License.","For more information: https://collectory.sibbr.gov.br/collectory/public/show/dr288","","","","2"
"in86","Universidade Federal do Maranhão","","Records provided by Universidade Federal do Maranhão, accessed through ALA website.","","For more information: https://collectory.sibbr.gov.br/collectory/public/show/in86","","","","2"
"dr324","Base de dados repatriados do tropicos.org","","Records provided by Base de dados repatriados do tropicos.org, accessed through ALA website.","Creative Commons Zero (CC0) To the extent possible under law, the publisher has waived all rights to these data and has dedicated them to the Public Domain (CC0 1.0). Users may copy, modify, distribute and use the work, including for commercial purposes, without restriction.","For more information: https://collectory.sibbr.gov.br/collectory/public/show/dr324","","","","4"
"dr560","Herbário da Universidade Federal do Acre","https://doi.org/10.15468/z51ipd","UFACPZ - HERBÁRIO DA UNIVERSIDADE FEDERAL DO ACRE","Creative Commons Attribution-Noncommercial (CC-BY-NC) This work is licensed under a Creative Commons Attribution Non Commercial (CC-BY-NC) 4.0 License.","For more information: https://collectory.sibbr.gov.br/collectory/public/show/dr560","","","","4"
"dr285","Imagens de espécies de flora e fauna brasileira do Encyclopedia of life (vol.5)","","Records provided by Imagens de espécies de flora e fauna brasileira do Encyclopedia of life (vol.5), accessed through ALA website.","Creative Commons Zero (CC0) To the extent possible under law, the publisher has waived all rights to these data and has dedicated them to the Public Domain (CC0 1.0). Users may copy, modify, distribute and use the work, including for commercial purposes, without restriction.","For more information: https://collectory.sibbr.gov.br/collectory/public/show/dr285","","","","1"
"in147","Embrapa Semiárido","","Records provided by Embrapa Semiárido, accessed through ALA website.","","For more information: https://collectory.sibbr.gov.br/collectory/public/show/in147","","","","3"
"dr284","Imagens de espécies de flora e fauna brasileira do Encyclopedia of life (vol.4)","","Records provided by Imagens de espécies de flora e fauna brasileira do Encyclopedia of life (vol.4), accessed through ALA website.","Creative Commons Zero (CC0) To the extent possible under law, the publisher has waived all rights to these data and has dedicated them to the Public Domain (CC0 1.0). Users may copy, modify, distribute and use the work, including for commercial purposes, without restriction.","For more information: https://collectory.sibbr.gov.br/collectory/public/show/dr284","","","","1"
"in87","Instituto Agronômico de Campinas","","Records provided by Instituto Agronômico de Campinas, accessed through ALA website.","","For more information: https://collectory.sibbr.gov.br/collectory/public/show/in87","","","","1"
"dr286","Herbário do Estado ""Maria Eneyda P. Kaufmann Fidalgo"" - Coleção de Fanerógamas","https://doi.org/10.15468/axlcjr","Créditos ou citação das imagens do Herbário do Instituto de Botânica (SP): Uma vez concedida a permissão de uso da imagem, a seguinte referência deve aparecer na página da web ou publicação: Esta imagem pertence ao Herbário do Instituto de Botânica, São Paulo, Brasil.","Creative Commons Attribution-Noncommercial (CC-BY-NC) This work is licensed under a Creative Commons Attribution Non Commercial (CC-BY-NC) 4.0 License.","For more information: https://collectory.sibbr.gov.br/collectory/public/show/dr286","","","","5"
"dr327","PortalBio do ICMBio: Sisbio-Dibio","","PortalBio do ICMBio: Sisbio-Dibio. Disponível em: <https://portaldabiodiversidade.icmbio.gov.br/portal/>. Acesso em agosto de 2019","Creative Commons Attribution-Noncommercial (CC-BY-NC) This work is licensed under a Creative Commons Attribution Non Commercial (CC-BY-NC) 4.0 License.","For more information: https://collectory.sibbr.gov.br/collectory/public/show/dr327","","","","13"
"co244","Herbário IBGE","","Records provided by Herbário IBGE, accessed through ALA website.","","For more information: https://collectory.sibbr.gov.br/collectory/public/show/co244","","","","5"
"co361","Herbário da Universidade Federal do Acre","","Records provided by Herbário da Universidade Federal do Acre, accessed through ALA website.","","For more information: https://collectory.sibbr.gov.br/collectory/public/show/co361","","","","4"
"dp20","Centro de Referência em Informação Ambiental","","Records provided by Centro de Referência em Informação Ambiental, accessed through ALA website.","","For more information: https://collectory.sibbr.gov.br/collectory/public/show/dp20","","","","71"
"dr839","Rio de Janeiro Botanical Garden Herbarium Collection","https://doi.org/10.15468/7ep9i2","JBRJ - Instituto de Pesquisas Jardim Botânico do Rio de Janeiro. Jabot - Banco de Dados da Flora Brasileira. Disponível em: [http://www.jbrj.gov.br/jabot].","Creative Commons Attribution (CC-BY) This work is licensed under a Creative Commons Attribution (CC-BY) 4.0 License.","For more information: https://collectory.sibbr.gov.br/collectory/public/show/dr839","","","","11"
"dr281","Imagens de espécies de flora e fauna brasileira do Encyclopedia of life (vol.1)","","Records provided by Imagens de espécies de flora e fauna brasileira do Encyclopedia of life (vol.1), accessed through ALA website.","Creative Commons Zero (CC0) To the extent possible under law, the publisher has waived all rights to these data and has dedicated them to the Public Domain (CC0 1.0). Users may copy, modify, distribute and use the work, including for commercial purposes, without restriction.","For more information: https://collectory.sibbr.gov.br/collectory/public/show/dr281","","","","1"
"dr283","Imagens de espécies de flora e fauna brasileira do Encyclopedia of life (vol.3)","","Records provided by Imagens de espécies de flora e fauna brasileira do Encyclopedia of life (vol.3), accessed through ALA website.","Creative Commons Zero (CC0) To the extent possible under law, the publisher has waived all rights to these data and has dedicated them to the Public Domain (CC0 1.0). Users may copy, modify, distribute and use the work, including for commercial purposes, without restriction.","For more information: https://collectory.sibbr.gov.br/collectory/public/show/dr283","","","","1"
"dr282","Imagens de espécies de flora e fauna brasileira do Encyclopedia of life (Vol.2)","","Records provided by Imagens de espécies de flora e fauna brasileira do Encyclopedia of life (Vol.2), accessed through ALA website.","Creative Commons Zero (CC0) To the extent possible under law, the publisher has waived all rights to these data and has dedicated them to the Public Domain (CC0 1.0). Users may copy, modify, distribute and use the work, including for commercial purposes, without restriction.","For more information: https://collectory.sibbr.gov.br/collectory/public/show/dr282","","","","1"
"co127","Herbário do Departamento de Botânica","","Records provided by Herbário do Departamento de Botânica, accessed through ALA website.","","For more information: https://collectory.sibbr.gov.br/collectory/public/show/co127","","","","2"
"co125","Herbário RB","","Records provided by Herbário RB, accessed through ALA website.","","For more information: https://collectory.sibbr.gov.br/collectory/public/show/co125","","","","11"
"co126","Herbário Lauro Pires Xavier","","Records provided by Herbário Lauro Pires Xavier, accessed through ALA website.","","For more information: https://collectory.sibbr.gov.br/collectory/public/show/co126","","","","1"
"dr311","Herbário Escola de Florestas Curitiba","https://doi.org/10.15468/ucgdyq","Herbário Escola de Florestas Curitiba, EFC","Creative Commons Attribution-Noncommercial (CC-BY-NC) This work is licensed under a Creative Commons Attribution Non Commercial (CC-BY-NC) 4.0 License.","For more information: https://collectory.sibbr.gov.br/collectory/public/show/dr311","","","","2"
"in72","Instituto de Pesquisas Ambientais","","Records provided by Instituto de Pesquisas Ambientais, accessed through ALA website.","","For more information: https://collectory.sibbr.gov.br/collectory/public/show/in72","","","","5"
"dr310","Herbário do Instituto Federal de Educação, Ciência e Tecnologia do Amazonas","https://doi.org/10.15468/vbjcw1","Herbário do Instituto Federal de Educação, Ciência e Tecnologia do Amazonas - EAFM","Creative Commons Attribution-Noncommercial (CC-BY-NC) This work is licensed under a Creative Commons Attribution Non Commercial (CC-BY-NC) 4.0 License.","For more information: https://collectory.sibbr.gov.br/collectory/public/show/dr310","","","","6"
"in75","Universidade Federal Rural de Pernambuco","","Records provided by Universidade Federal Rural de Pernambuco, accessed through ALA website.","","For more information: https://collectory.sibbr.gov.br/collectory/public/show/in75","","","","1"
"dr312","Herbário Jaime Coelho de Moraes","https://doi.org/10.15468/vaiw6e","Herbário Prof. Jayme Coelho de Moraes, EAN","Creative Commons Attribution-Noncommercial (CC-BY-NC) This work is licensed under a Creative Commons Attribution Non Commercial (CC-BY-NC) 4.0 License.","For more information: https://collectory.sibbr.gov.br/collectory/public/show/dr312","","","","1"
"in133","Universidade Federal de Jataí","","Records provided by Universidade Federal de Jataí, accessed through ALA website.","","For more information: https://collectory.sibbr.gov.br/collectory/public/show/in133","","","","1"
"dr276","Herbário da Universidade Estadual de Londrina","https://doi.org/10.15468/6b6axv","Herbário da Universidade Estadual de Londrina(http://www.uel.br/ccb/bav/herbario)","Creative Commons Attribution-Noncommercial (CC-BY-NC) This work is licensed under a Creative Commons Attribution Non Commercial (CC-BY-NC) 4.0 License.","For more information: https://collectory.sibbr.gov.br/collectory/public/show/dr276","","","","1"
"dr275","Herbário CPAP","https://doi.org/10.15468/wdmnid","Herbário CPAP da Embrapa Pantanal","Creative Commons Attribution-Noncommercial (CC-BY-NC) This work is licensed under a Creative Commons Attribution Non Commercial (CC-BY-NC) 4.0 License.","For more information: https://collectory.sibbr.gov.br/collectory/public/show/dr275","","","","1"
"in134","Museu Universitário - Universidade Federal do Acre","","Records provided by Museu Universitário - Universidade Federal do Acre, accessed through ALA website.","","For more information: https://collectory.sibbr.gov.br/collectory/public/show/in134","","","","4"
"dr956","GBIF repatriados | Meise Botanic Garden Herbarium (BR) | CC BY 4.0 License","","When using this dataset please use the following citation and pay attention to the rights documented in rights.txt: Meise Botanic Garden (2023). Meise Botanic Garden Herbarium (BR). Version 1.29. Meise Botanic Garden. Occurrence dataset https://doi.org/10.15468/wrthhx accessed via GBIF.org on 2023-07-26.","other Dataset: Meise Botanic Garden Herbarium (BR)  Rights as supplied: http://creativecommons.org/licenses/by/4.0/legalcode","For more information: https://collectory.sibbr.gov.br/collectory/public/show/dr956","","","","2"
"dr837","Rio de Janeiro Botanical Garden DNA Collection - GGBN extensions","","JBRJ - Instituto de Pesquisas Jardim Botânico do Rio de Janeiro. Jabot - Banco de Dados da Flora Brasileira. Disponível em: [http://www.jbrj.gov.br/jabot].","Creative Commons Attribution (CC-BY) This work is licensed under a Creative Commons Attribution (CC-BY) 4.0 License.","For more information: https://collectory.sibbr.gov.br/collectory/public/show/dr837","","","","1"
"dr799","Herbarium - Instituto Nacional de Pesquisas da Amazônia (INPA)","","Herbarium - Instituto Nacional de Pesquisas da Amazônia (INPA)","Creative Commons Attribution-Noncommercial (CC-BY-NC) This work is licensed under a Creative Commons Attribution Non Commercial (CC-BY-NC) 4.0 License.","For more information: https://collectory.sibbr.gov.br/collectory/public/show/dr799","","","","12"
"dr436","Galeria de imagens do GBIF para ferramenta de espécies icônicas brasileiras do Atlas do SiBBr","","Records provided by Galeria de imagens do GBIF para ferramenta de espécies icônicas brasileiras do Atlas do SiBBr, accessed through ALA website.","Creative Commons Attribution-Noncommercial (CC-BY-NC) This work is licensed under a Creative Commons Attribution Non Commercial (CC-BY-NC) 4.0 License.","For more information: https://collectory.sibbr.gov.br/collectory/public/show/dr436","","","","2"
"dp28","Sistema de Gerenciamento de Coleções Botânicas - JABOT","","Records provided by Sistema de Gerenciamento de Coleções Botânicas - JABOT, accessed through ALA website.","","For more information: https://collectory.sibbr.gov.br/collectory/public/show/dp28","","","","60"
"dr955","GBIF repatriados | Field Museum of Natural History of Chicago | CC0 1.0 License","","When using this dataset please use the following citation and pay attention to the rights documented in rights.txt: Grant S, Webbink K, Griffin-Jakymec K (2023). Field Museum of Natural History (Zoology) Invertebrate Collection. Version 18.33. Field Museum. Occurrence dataset https://doi.org/10.15468/6q5vuc accessed via GBIF.org on 2023-07-25. Grant S, Webbink K, Marks B (2022). Field Museum of Natural History (Zoology) Bird Collection. Version 14.21. Field Museum. Occurrence dataset https://doi.org/10.15468/exkxdx accessed via GBIF.org on 2023-07-25. Grant S, Webbink K, Jones J, Ferguson A (2020). Field Museum of Natural History (Zoology) Mammal Collection. Version 9.18. Field Museum. Occurrence dataset https://doi.org/10.15468/n4zgxw accessed via GBIF.org on 2023-07-25. Grant S, Webbink K, Marks B (2022). Field Museum of Natural History (Zoology) Bird Egg Collection. Version 2.7. Field Museum. Occurrence dataset https://doi.org/10.15468/uqsgv2 accessed via GBIF.org on 2023-07-25. Webbink K, Mayer P (2019). Field Museum of Natural History (Geology) Fossil Invertebrates Collection. Version 1.7. Field Museum. Occurrence dataset https://doi.org/10.15468/cjabhe accessed via GBIF.org on 2023-07-25. Webbink K, Herrera F (2022). Field Museum of Natural History (Geology) Paleobotany Collection. Version 1.15. Field Museum. Occurrence dataset https://doi.org/10.15468/uuvlm6 accessed via GBIF.org on 2023-07-25. Grant S, Webbink K, Turcatel M, Shuman R (2023). Field Museum of Natural History (Zoology) Insect, Arachnid and Myriapod Collection. Version 12.54. Field Museum. Occurrence dataset https://doi.org/10.15468/0ywfpc accessed via GBIF.org on 2023-07-25. Grant S, Webbink K, von Konrat M (2022). Field Museum of Natural History (Botany) Fungi Collection. Version 4.12. Field Museum. Occurrence dataset https://doi.org/10.15468/x2hjnp accessed via GBIF.org on 2023-07-25. Grant S, Webbink K, von Konrat M (2022). Field Museum of Natural History (Botany) Bryophyte Collection. Version 11.9. Field Museum. Occurrence dataset https://doi.org/10.15468/pyjtoc accessed via GBIF.org on 2023-07-25. Grant S, von Konrat M (2022). Field Museum of Natural History (Botany) Seed Plant Collection. Version 11.14. Field Museum. Occurrence dataset https://doi.org/10.15468/nxnqzf accessed via GBIF.org on 2023-07-25. Grant S, von Konrat M (2020). Field Museum of Natural History (Botany) Pteridophyte Collection. Version 2.9. Field Museum. Occurrence dataset https://doi.org/10.15468/4nodxs accessed via GBIF.org on 2023-07-25. Grant S, Webbink K, von Konrat M (2022). Field Museum of Natural History (Botany) Lichen Collection. Version 2.15. Field Museum. Occurrence dataset https://doi.org/10.15468/sc258x accessed via GBIF.org on 2023-07-25. Grant S, Webbink K, McMahan C (2022). Field Museum of Natural History (Zoology) Fish Collection. Version 13.13. Field Museum. Occurrence dataset https://doi.org/10.15468/alz7wu accessed via GBIF.org on 2023-07-25. Grant S, Webbink K, Resetar A (2023). Field Museum of Natural History (Zoology) Amphibian and Reptile Collection. Version 12.9. Field Museum. Occurrence dataset https://doi.org/10.15468/u2pzhj accessed via GBIF.org on 2023-07-25.","other Dataset: Field Museum of Natural History (Zoology) Invertebrate Collection  Rights as supplied: http://creativecommons.org/publicdomain/zero/1.0/legalcode Dataset: Field Museum of Natural History (Zoology) Bird Collection  Rights as supplied: http://creativecommons.org/publicdomain/zero/1.0/legalcode Dataset: Field Museum of Natural History (Zoology) Mammal Collection  Rights as supplied: http://creativecommons.org/publicdomain/zero/1.0/legalcode Dataset: Field Museum of Natural History (Zoology) Bird Egg Collection  Rights as supplied: http://creativecommons.org/publicdomain/zero/1.0/legalcode Dataset: Field Museum of Natural History (Geology) Fossil Invertebrates Collection  Rights as supplied: http://creativecommons.org/publicdomain/zero/1.0/legalcode Dataset: Field Museum of Natural History (Geology) Paleobotany Collection  Rights as supplied: http://creativecommons.org/publicdomain/zero/1.0/legalcode Dataset: Field Museum of Natural History (Zoology) Insect, Arachnid and Myriapod Collection  Rights as supplied: http://creativecommons.org/publicdomain/zero/1.0/legalcode Dataset: Field Museum of Natural History (Botany) Fungi Collection  Rights as supplied: http://creativecommons.org/publicdomain/zero/1.0/legalcode Dataset: Field Museum of Natural History (Botany) Bryophyte Collection  Rights as supplied: http://creativecommons.org/publicdomain/zero/1.0/legalcode Dataset: Field Museum of Natural History (Botany) Seed Plant Collection  Rights as supplied: http://creativecommons.org/publicdomain/zero/1.0/legalcode Dataset: Field Museum of Natural History (Botany) Pteridophyte Collection  Rights as supplied: http://creativecommons.org/publicdomain/zero/1.0/legalcode Dataset: Field Museum of Natural History (Botany) Lichen Collection  Rights as supplied: http://creativecommons.org/publicdomain/zero/1.0/legalcode Dataset: Field Museum of Natural History (Zoology) Fish Collection  Rights as supplied: http://creativecommons.org/publicdomain/zero/1.0/legalcode Dataset: Field Museum of Natural History (Zoology) Amphibian and Reptile Collection  Rights as supplied: http://creativecommons.org/publicdomain/zero/1.0/legalcode","For more information: https://collectory.sibbr.gov.br/collectory/public/show/dr955","","","","1"
